site1,site2
All Dorchester Sports League,All Dorchester Sports League:
BCYF: ADMIN & FINANCE,BCYF: Admin Offices
BCYF: BLACKSTONE COMM CENTER,BCYF: Blackstone
BCYF: CHARLESTOWN COMM CENTER,BCYF: Charlestown
BCYF: CONDON COMM CENTER,BCYF: Condon
BCYF: Curley Community Center,BCYF: CURLEY COMM CENTER
BCYF: CURTIS HALL COMM CENTER,BCYF: Curtis Hall
BCYF: GALLIVAN COMM CENTER,BCYF: Gallivan Community Center
BCYF: HOLLAND COMM CENTER,BCYF: Holland
BCYF: Hyde Park,BCYF: Hyde Park Community Center
BCYF: JACKSON MANN COMM CENTER,BCYF: Jackson Mann
BCYF: LEAHY-HOLLORAN COMM CENTER,BCYF: Leahy Holloran
BCYF: MARTIN PINO COMM CENTER,BCYF: Martin Pino Community Cente
BCYF: MILDRED AVE COMM CENTER,BCYF: Mildred Ave
BCYF: MENINO COMM CENTER,BCYF: Menino (Archdale)
BCYF: NAZZARO COMM CENTER,BCYF: Nazzaro
BCYF: OHRENBERGER COMM CENTER,BCYF: Ohrenberger
BCYF: OHRENBERGER COMM CENTER,BCYF: Ohrenberger
BCYF: PERKINS COMM CENTER,BCYF: Perkins
BCYF: QUINCY COMM CENTER,BCYF: Quincy
BCYF: ROSLINDALE COMM CENTER,BCYF: Roslindale
BCYF: SHELBURNE COMM CENTER,BCYF: Shelburne
BCYF: TOBIN COMM CENTER,BCYF: Tobin
BCYF: TYNAN COMM CENTER,BCYF: Tynan
BCYF: VINE STREET COMM CENTER,BCYF: Vine Street
Bikes Not Bombs Youth Programs,Bikes not Bombs
Boys & Girls Club of Boston: Salesian,BGCB: SALESIAN CLUB
Boys & Girls Clubs of Dorchester,BGCB: SALESIAN CLUB
BGCB: SALESIAN CLUB,Catholic Charities Teen Center at St. Peter's
Company One,Company One Theatre Production Apprenticeship
Level Ground Mixed Martial Arts,LEVEL GROUND MIXED MARTIAL ARTS: STUDENT CERTIFICATION PROGRAM
NUBIA,"NUBIA, INC."
St. Peter Academy,St Peter Academy
United Somali Youth,"United Somali Youth, Inc."
Uphams Corner/Bird Street,Uphams Corner/Bird Street
Viet-AID,VietAID Youth Program/VSPY
Youth Enrichment Services,Youth Enrichment Services
